order_id,is_anomaly,true_issue_type,split,notes
00000000-0000-4000-8000-000000000000,True,FEE_MISMATCH,dev,
00000000-0000-4000-8000-000000000001,False,,test,
00000000-0000-4000-8000-000000000002,True,DUPLICATE,test,
00000000-0000-4000-8000-000000000003,True,REFUND,dev,
00000000-0000-4000-8000-000000000004,False,,dev,
00000000-0000-4000-8000-000000000005,False,,dev,
00000000-0000-4000-8000-000000000006,False,,test,
00000000-0000-4000-8000-000000000007,True,FEE_MISMATCH,dev,
00000000-0000-4000-8000-000000000008,False,,test,
00000000-0000-4000-8000-000000000009,False,,test,
00000000-0000-4000-8000-000000000010,False,,dev,
00000000-0000-4000-8000-000000000011,True,MISSING_SETTLEMENT,test,
00000000-0000-4000-8000-000000000012,False,,dev,
00000000-0000-4000-8000-000000000013,False,,dev,
00000000-0000-4000-8000-000000000014,False,,dev,
00000000-0000-4000-8000-000000000015,False,,dev,
00000000-0000-4000-8000-000000000016,True,FEE_MISMATCH,dev,
00000000-0000-4000-8000-000000000017,False,,test,
00000000-0000-4000-8000-000000000018,False,,dev,
00000000-0000-4000-8000-000000000019,False,,dev,
00000000-0000-4000-8000-000000000020,False,,dev,
00000000-0000-4000-8000-000000000021,True,FEE_MISMATCH,dev,
00000000-0000-4000-8000-000000000022,False,,dev,
00000000-0000-4000-8000-000000000023,False,,dev,
00000000-0000-4000-8000-000000000024,False,,dev,
00000000-0000-4000-8000-000000000025,False,,test,
00000000-0000-4000-8000-000000000026,False,,dev,
00000000-0000-4000-8000-000000000027,False,,dev,
00000000-0000-4000-8000-000000000028,False,,dev,
00000000-0000-4000-8000-000000000029,True,FEE_MISMATCH,dev,
00000000-0000-4000-8000-000000000030,False,,dev,
00000000-0000-4000-8000-000000000031,True,REFUND,test,
00000000-0000-4000-8000-000000000032,True,MISSING_SETTLEMENT,test,
00000000-0000-4000-8000-000000000033,False,,dev,
00000000-0000-4000-8000-000000000034,True,REFUND,dev,
00000000-0000-4000-8000-000000000035,False,,dev,
00000000-0000-4000-8000-000000000036,False,,dev,
00000000-0000-4000-8000-000000000037,False,,dev,
00000000-0000-4000-8000-000000000038,False,,dev,
00000000-0000-4000-8000-000000000039,False,,test,
00000000-0000-4000-8000-000000000040,False,,dev,
00000000-0000-4000-8000-000000000041,False,,test,
00000000-0000-4000-8000-000000000042,True,FEE_MISMATCH,test,
00000000-0000-4000-8000-000000000043,False,,dev,
00000000-0000-4000-8000-000000000044,False,,dev,
00000000-0000-4000-8000-000000000045,True,FEE_MISMATCH,dev,
00000000-0000-4000-8000-000000000046,False,,dev,
00000000-0000-4000-8000-000000000047,False,,dev,
00000000-0000-4000-8000-000000000048,False,,dev,
00000000-0000-4000-8000-000000000049,False,,dev,
00000000-0000-4000-8000-000000000050,False,,dev,
00000000-0000-4000-8000-000000000051,True,TIMING,dev,
00000000-0000-4000-8000-000000000052,False,,dev,
00000000-0000-4000-8000-000000000053,False,,dev,
00000000-0000-4000-8000-000000000054,False,,dev,
00000000-0000-4000-8000-000000000055,False,,dev,
00000000-0000-4000-8000-000000000056,False,,test,
00000000-0000-4000-8000-000000000057,True,FEE_MISMATCH,dev,
00000000-0000-4000-8000-000000000058,False,,test,
00000000-0000-4000-8000-000000000059,False,,dev,
00000000-0000-4000-8000-000000000060,False,,test,
00000000-0000-4000-8000-000000000061,False,,dev,
00000000-0000-4000-8000-000000000062,False,,dev,
00000000-0000-4000-8000-000000000063,False,,dev,
00000000-0000-4000-8000-000000000064,False,,dev,
00000000-0000-4000-8000-000000000065,True,DUPLICATE,dev,
00000000-0000-4000-8000-000000000066,False,,dev,
00000000-0000-4000-8000-000000000067,False,,test,
00000000-0000-4000-8000-000000000068,False,,dev,
00000000-0000-4000-8000-000000000069,False,,test,
00000000-0000-4000-8000-000000000070,False,,dev,
00000000-0000-4000-8000-000000000071,False,,dev,
00000000-0000-4000-8000-000000000072,False,,dev,
00000000-0000-4000-8000-000000000073,False,,dev,
00000000-0000-4000-8000-000000000074,False,,dev,
00000000-0000-4000-8000-000000000075,True,DUPLICATE,test,
00000000-0000-4000-8000-000000000076,False,,dev,
00000000-0000-4000-8000-000000000077,True,DUPLICATE,dev,
00000000-0000-4000-8000-000000000078,False,,test,
00000000-0000-4000-8000-000000000079,True,DUPLICATE,test,
00000000-0000-4000-8000-000000000080,True,MISSING_SETTLEMENT,dev,
00000000-0000-4000-8000-000000000081,False,,test,
00000000-0000-4000-8000-000000000082,False,,dev,
00000000-0000-4000-8000-000000000083,True,AMOUNT_MISMATCH,dev,
00000000-0000-4000-8000-000000000084,False,,dev,
00000000-0000-4000-8000-000000000085,True,FEE_MISMATCH,dev,
00000000-0000-4000-8000-000000000086,True,DUPLICATE,dev,
00000000-0000-4000-8000-000000000087,False,,dev,
00000000-0000-4000-8000-000000000088,False,,test,
00000000-0000-4000-8000-000000000089,False,,dev,
00000000-0000-4000-8000-000000000090,False,,dev,
00000000-0000-4000-8000-000000000091,False,,dev,
00000000-0000-4000-8000-000000000092,False,,dev,
00000000-0000-4000-8000-000000000093,False,,dev,
00000000-0000-4000-8000-000000000094,False,,dev,
00000000-0000-4000-8000-000000000095,True,REFUND,dev,
00000000-0000-4000-8000-000000000096,False,,dev,
00000000-0000-4000-8000-000000000097,False,,dev,
00000000-0000-4000-8000-000000000098,False,,dev,
00000000-0000-4000-8000-000000000099,True,AMOUNT_MISMATCH,dev,
00000000-0000-4000-8000-000000000100,False,,dev,
00000000-0000-4000-8000-000000000101,False,,dev,
00000000-0000-4000-8000-000000000102,True,REFUND,dev,
00000000-0000-4000-8000-000000000103,True,REFUND,dev,
00000000-0000-4000-8000-000000000104,False,,test,
00000000-0000-4000-8000-000000000105,True,TIMING,dev,
00000000-0000-4000-8000-000000000106,True,REFUND,test,
00000000-0000-4000-8000-000000000107,False,,dev,
00000000-0000-4000-8000-000000000108,False,,dev,
00000000-0000-4000-8000-000000000109,False,,dev,
00000000-0000-4000-8000-000000000110,True,MISSING_SETTLEMENT,test,
00000000-0000-4000-8000-000000000111,False,,test,
00000000-0000-4000-8000-000000000112,False,,dev,
00000000-0000-4000-8000-000000000113,False,,dev,
00000000-0000-4000-8000-000000000114,False,,dev,
00000000-0000-4000-8000-000000000115,True,MISSING_SETTLEMENT,dev,
00000000-0000-4000-8000-000000000116,False,,test,
00000000-0000-4000-8000-000000000117,False,,dev,
00000000-0000-4000-8000-000000000118,False,,dev,
00000000-0000-4000-8000-000000000119,False,,test,
00000000-0000-4000-8000-000000000120,False,,dev,
00000000-0000-4000-8000-000000000121,False,,dev,
00000000-0000-4000-8000-000000000122,False,,test,
00000000-0000-4000-8000-000000000123,False,,dev,
00000000-0000-4000-8000-000000000124,False,,dev,
00000000-0000-4000-8000-000000000125,False,,dev,
00000000-0000-4000-8000-000000000126,True,MISSING_SETTLEMENT,test,
00000000-0000-4000-8000-000000000127,False,,dev,
00000000-0000-4000-8000-000000000128,True,REFUND,dev,
00000000-0000-4000-8000-000000000129,False,,dev,
00000000-0000-4000-8000-000000000130,True,AMOUNT_MISMATCH,dev,
00000000-0000-4000-8000-000000000131,True,AMOUNT_MISMATCH,dev,
00000000-0000-4000-8000-000000000132,True,DUPLICATE,dev,
00000000-0000-4000-8000-000000000133,False,,dev,
00000000-0000-4000-8000-000000000134,False,,test,
00000000-0000-4000-8000-000000000135,True,FEE_MISMATCH,dev,
00000000-0000-4000-8000-000000000136,False,,test,
00000000-0000-4000-8000-000000000137,False,,dev,
00000000-0000-4000-8000-000000000138,False,,test,
00000000-0000-4000-8000-000000000139,True,MISSING_SETTLEMENT,dev,
00000000-0000-4000-8000-000000000140,True,DUPLICATE,dev,
00000000-0000-4000-8000-000000000141,True,REFUND,dev,
00000000-0000-4000-8000-000000000142,True,REFUND,dev,
00000000-0000-4000-8000-000000000143,False,,dev,
00000000-0000-4000-8000-000000000144,False,,test,
00000000-0000-4000-8000-000000000145,False,,test,
00000000-0000-4000-8000-000000000146,False,,dev,
00000000-0000-4000-8000-000000000147,False,,dev,
00000000-0000-4000-8000-000000000148,False,,dev,
00000000-0000-4000-8000-000000000149,False,,dev,
00000000-0000-4000-8000-000000000150,False,,dev,
00000000-0000-4000-8000-000000000151,True,REFUND,dev,
00000000-0000-4000-8000-000000000152,False,,dev,
00000000-0000-4000-8000-000000000153,False,,dev,
00000000-0000-4000-8000-000000000154,False,,test,
00000000-0000-4000-8000-000000000155,False,,dev,
00000000-0000-4000-8000-000000000156,False,,test,
00000000-0000-4000-8000-000000000157,False,,dev,
00000000-0000-4000-8000-000000000158,False,,dev,
00000000-0000-4000-8000-000000000159,False,,test,
00000000-0000-4000-8000-000000000160,False,,dev,
00000000-0000-4000-8000-000000000161,False,,dev,
00000000-0000-4000-8000-000000000162,False,,dev,
00000000-0000-4000-8000-000000000163,False,,dev,
00000000-0000-4000-8000-000000000164,True,TIMING,dev,
00000000-0000-4000-8000-000000000165,False,,test,
00000000-0000-4000-8000-000000000166,False,,dev,
00000000-0000-4000-8000-000000000167,True,MISSING_SETTLEMENT,dev,
00000000-0000-4000-8000-000000000168,False,,dev,
00000000-0000-4000-8000-000000000169,False,,test,
00000000-0000-4000-8000-000000000170,True,DUPLICATE,test,
00000000-0000-4000-8000-000000000171,False,,test,
00000000-0000-4000-8000-000000000172,False,,test,
00000000-0000-4000-8000-000000000173,False,,dev,
00000000-0000-4000-8000-000000000174,False,,dev,
00000000-0000-4000-8000-000000000175,True,FEE_MISMATCH,dev,
00000000-0000-4000-8000-000000000176,False,,dev,
00000000-0000-4000-8000-000000000177,False,,dev,
00000000-0000-4000-8000-000000000178,False,,test,
00000000-0000-4000-8000-000000000179,True,TIMING,dev,
00000000-0000-4000-8000-000000000180,False,,test,
00000000-0000-4000-8000-000000000181,False,,dev,
00000000-0000-4000-8000-000000000182,False,,dev,
00000000-0000-4000-8000-000000000183,False,,test,
00000000-0000-4000-8000-000000000184,False,,test,
00000000-0000-4000-8000-000000000185,False,,test,
00000000-0000-4000-8000-000000000186,True,TIMING,dev,
00000000-0000-4000-8000-000000000187,True,AMOUNT_MISMATCH,test,
00000000-0000-4000-8000-000000000188,True,DUPLICATE,dev,
00000000-0000-4000-8000-000000000189,False,,dev,
00000000-0000-4000-8000-000000000190,False,,dev,
00000000-0000-4000-8000-000000000191,False,,dev,
00000000-0000-4000-8000-000000000192,False,,dev,
00000000-0000-4000-8000-000000000193,False,,dev,
00000000-0000-4000-8000-000000000194,False,,dev,
00000000-0000-4000-8000-000000000195,False,,dev,
00000000-0000-4000-8000-000000000196,False,,dev,
00000000-0000-4000-8000-000000000197,False,,dev,
00000000-0000-4000-8000-000000000198,False,,dev,
00000000-0000-4000-8000-000000000199,False,,dev,
00000000-0000-4000-8000-000000000200,True,DUPLICATE,dev,
00000000-0000-4000-8000-000000000201,False,,dev,
00000000-0000-4000-8000-000000000202,False,,dev,
00000000-0000-4000-8000-000000000203,False,,dev,
00000000-0000-4000-8000-000000000204,True,TIMING,dev,
00000000-0000-4000-8000-000000000205,False,,dev,
00000000-0000-4000-8000-000000000206,True,TIMING,dev,
00000000-0000-4000-8000-000000000207,False,,dev,
00000000-0000-4000-8000-000000000208,True,FEE_MISMATCH,dev,
00000000-0000-4000-8000-000000000209,False,,dev,
00000000-0000-4000-8000-000000000210,True,TIMING,dev,
00000000-0000-4000-8000-000000000211,False,,test,
00000000-0000-4000-8000-000000000212,True,FEE_MISMATCH,test,
00000000-0000-4000-8000-000000000213,False,,dev,
00000000-0000-4000-8000-000000000214,False,,dev,
00000000-0000-4000-8000-000000000215,True,MISSING_SETTLEMENT,dev,
00000000-0000-4000-8000-000000000216,False,,dev,
00000000-0000-4000-8000-000000000217,False,,dev,
00000000-0000-4000-8000-000000000218,True,AMOUNT_MISMATCH,dev,
00000000-0000-4000-8000-000000000219,False,,dev,
00000000-0000-4000-8000-000000000220,False,,dev,
00000000-0000-4000-8000-000000000221,False,,test,
00000000-0000-4000-8000-000000000222,False,,dev,
00000000-0000-4000-8000-000000000223,False,,dev,
00000000-0000-4000-8000-000000000224,True,DUPLICATE,dev,
00000000-0000-4000-8000-000000000225,False,,dev,
00000000-0000-4000-8000-000000000226,False,,dev,
00000000-0000-4000-8000-000000000227,False,,dev,
00000000-0000-4000-8000-000000000228,True,AMOUNT_MISMATCH,test,
00000000-0000-4000-8000-000000000229,False,,test,
00000000-0000-4000-8000-000000000230,False,,dev,
00000000-0000-4000-8000-000000000231,True,REFUND,dev,
00000000-0000-4000-8000-000000000232,False,,dev,
00000000-0000-4000-8000-000000000233,False,,dev,
00000000-0000-4000-8000-000000000234,False,,dev,
00000000-0000-4000-8000-000000000235,False,,dev,
00000000-0000-4000-8000-000000000236,True,FEE_MISMATCH,dev,
00000000-0000-4000-8000-000000000237,False,,test,
00000000-0000-4000-8000-000000000238,False,,test,
00000000-0000-4000-8000-000000000239,False,,dev,
00000000-0000-4000-8000-000000000240,False,,test,
00000000-0000-4000-8000-000000000241,True,DUPLICATE,dev,
00000000-0000-4000-8000-000000000242,False,,dev,
00000000-0000-4000-8000-000000000243,False,,test,
00000000-0000-4000-8000-000000000244,False,,dev,
00000000-0000-4000-8000-000000000245,False,,test,
00000000-0000-4000-8000-000000000246,False,,dev,
00000000-0000-4000-8000-000000000247,False,,dev,
00000000-0000-4000-8000-000000000248,False,,dev,
00000000-0000-4000-8000-000000000249,False,,dev,
00000000-0000-4000-8000-000000000250,False,,dev,
00000000-0000-4000-8000-000000000251,False,,dev,
00000000-0000-4000-8000-000000000252,False,,dev,
00000000-0000-4000-8000-000000000253,False,,dev,
00000000-0000-4000-8000-000000000254,False,,dev,
00000000-0000-4000-8000-000000000255,False,,dev,
00000000-0000-4000-8000-000000000256,False,,dev,
00000000-0000-4000-8000-000000000257,False,,dev,
00000000-0000-4000-8000-000000000258,True,MISSING_SETTLEMENT,dev,
00000000-0000-4000-8000-000000000259,False,,dev,
00000000-0000-4000-8000-000000000260,True,MISSING_SETTLEMENT,dev,
00000000-0000-4000-8000-000000000261,False,,dev,
00000000-0000-4000-8000-000000000262,True,MISSING_SETTLEMENT,dev,
00000000-0000-4000-8000-000000000263,False,,test,
00000000-0000-4000-8000-000000000264,False,,dev,
00000000-0000-4000-8000-000000000265,True,AMOUNT_MISMATCH,dev,
00000000-0000-4000-8000-000000000266,False,,test,
00000000-0000-4000-8000-000000000267,False,,test,
00000000-0000-4000-8000-000000000268,True,REFUND,test,
00000000-0000-4000-8000-000000000269,False,,test,
00000000-0000-4000-8000-000000000270,False,,dev,
00000000-0000-4000-8000-000000000271,False,,dev,
00000000-0000-4000-8000-000000000272,False,,dev,
00000000-0000-4000-8000-000000000273,False,,dev,
00000000-0000-4000-8000-000000000274,False,,dev,
00000000-0000-4000-8000-000000000275,False,,dev,
00000000-0000-4000-8000-000000000276,False,,dev,
00000000-0000-4000-8000-000000000277,False,,dev,
00000000-0000-4000-8000-000000000278,False,,dev,
00000000-0000-4000-8000-000000000279,False,,dev,
00000000-0000-4000-8000-000000000280,False,,dev,
00000000-0000-4000-8000-000000000281,False,,dev,
00000000-0000-4000-8000-000000000282,False,,dev,
00000000-0000-4000-8000-000000000283,False,,dev,
00000000-0000-4000-8000-000000000284,False,,dev,
00000000-0000-4000-8000-000000000285,True,AMOUNT_MISMATCH,dev,
00000000-0000-4000-8000-000000000286,False,,test,
00000000-0000-4000-8000-000000000287,False,,dev,
00000000-0000-4000-8000-000000000288,True,DUPLICATE,dev,
00000000-0000-4000-8000-000000000289,True,FEE_MISMATCH,dev,
00000000-0000-4000-8000-000000000290,False,,dev,
00000000-0000-4000-8000-000000000291,False,,dev,
00000000-0000-4000-8000-000000000292,False,,test,
00000000-0000-4000-8000-000000000293,False,,dev,
00000000-0000-4000-8000-000000000294,False,,dev,
00000000-0000-4000-8000-000000000295,True,AMOUNT_MISMATCH,dev,
00000000-0000-4000-8000-000000000296,False,,dev,
00000000-0000-4000-8000-000000000297,False,,dev,
00000000-0000-4000-8000-000000000298,False,,test,
00000000-0000-4000-8000-000000000299,False,,dev,
00000000-0000-4000-8000-000000000300,False,,dev,
00000000-0000-4000-8000-000000000301,False,,dev,
00000000-0000-4000-8000-000000000302,False,,dev,
00000000-0000-4000-8000-000000000303,False,,dev,
00000000-0000-4000-8000-000000000304,False,,dev,
00000000-0000-4000-8000-000000000305,True,FEE_MISMATCH,dev,
00000000-0000-4000-8000-000000000306,False,,test,
00000000-0000-4000-8000-000000000307,False,,dev,
00000000-0000-4000-8000-000000000308,False,,dev,
00000000-0000-4000-8000-000000000309,False,,test,
00000000-0000-4000-8000-000000000310,False,,dev,
00000000-0000-4000-8000-000000000311,False,,test,
00000000-0000-4000-8000-000000000312,False,,dev,
00000000-0000-4000-8000-000000000313,False,,dev,
00000000-0000-4000-8000-000000000314,False,,dev,
00000000-0000-4000-8000-000000000315,True,DUPLICATE,dev,
00000000-0000-4000-8000-000000000316,False,,dev,
00000000-0000-4000-8000-000000000317,True,AMOUNT_MISMATCH,dev,
00000000-0000-4000-8000-000000000318,False,,dev,
00000000-0000-4000-8000-000000000319,False,,dev,
00000000-0000-4000-8000-000000000320,False,,dev,
00000000-0000-4000-8000-000000000321,True,REFUND,dev,
00000000-0000-4000-8000-000000000322,True,MISSING_SETTLEMENT,dev,
00000000-0000-4000-8000-000000000323,False,,dev,
00000000-0000-4000-8000-000000000324,False,,test,
00000000-0000-4000-8000-000000000325,False,,test,
00000000-0000-4000-8000-000000000326,False,,dev,
00000000-0000-4000-8000-000000000327,False,,dev,
00000000-0000-4000-8000-000000000328,True,AMOUNT_MISMATCH,test,
00000000-0000-4000-8000-000000000329,False,,dev,
00000000-0000-4000-8000-000000000330,False,,dev,
00000000-0000-4000-8000-000000000331,False,,dev,
00000000-0000-4000-8000-000000000332,True,MISSING_SETTLEMENT,test,
00000000-0000-4000-8000-000000000333,False,,dev,
00000000-0000-4000-8000-000000000334,True,DUPLICATE,dev,
00000000-0000-4000-8000-000000000335,True,TIMING,test,
00000000-0000-4000-8000-000000000336,False,,dev,
00000000-0000-4000-8000-000000000337,False,,dev,
00000000-0000-4000-8000-000000000338,False,,dev,
00000000-0000-4000-8000-000000000339,False,,dev,
00000000-0000-4000-8000-000000000340,False,,dev,
00000000-0000-4000-8000-000000000341,False,,dev,
00000000-0000-4000-8000-000000000342,False,,dev,
00000000-0000-4000-8000-000000000343,False,,dev,
00000000-0000-4000-8000-000000000344,False,,dev,
00000000-0000-4000-8000-000000000345,False,,test,
00000000-0000-4000-8000-000000000346,False,,dev,
00000000-0000-4000-8000-000000000347,False,,dev,
00000000-0000-4000-8000-000000000348,False,,dev,
00000000-0000-4000-8000-000000000349,True,MISSING_SETTLEMENT,dev,
00000000-0000-4000-8000-000000000350,True,REFUND,dev,
00000000-0000-4000-8000-000000000351,False,,test,
00000000-0000-4000-8000-000000000352,False,,dev,
00000000-0000-4000-8000-000000000353,False,,dev,
00000000-0000-4000-8000-000000000354,False,,dev,
00000000-0000-4000-8000-000000000355,False,,test,
00000000-0000-4000-8000-000000000356,True,AMOUNT_MISMATCH,test,
00000000-0000-4000-8000-000000000357,True,AMOUNT_MISMATCH,dev,
00000000-0000-4000-8000-000000000358,False,,dev,
00000000-0000-4000-8000-000000000359,False,,dev,
00000000-0000-4000-8000-000000000360,True,REFUND,test,
00000000-0000-4000-8000-000000000361,False,,dev,
00000000-0000-4000-8000-000000000362,False,,dev,
00000000-0000-4000-8000-000000000363,False,,test,
00000000-0000-4000-8000-000000000364,False,,dev,
00000000-0000-4000-8000-000000000365,True,MISSING_SETTLEMENT,dev,
00000000-0000-4000-8000-000000000366,True,DUPLICATE,dev,
00000000-0000-4000-8000-000000000367,False,,dev,
00000000-0000-4000-8000-000000000368,True,REFUND,dev,
00000000-0000-4000-8000-000000000369,False,,dev,
00000000-0000-4000-8000-000000000370,False,,dev,
00000000-0000-4000-8000-000000000371,True,DUPLICATE,dev,
00000000-0000-4000-8000-000000000372,False,,dev,
00000000-0000-4000-8000-000000000373,True,REFUND,test,
00000000-0000-4000-8000-000000000374,False,,dev,
00000000-0000-4000-8000-000000000375,True,AMOUNT_MISMATCH,dev,
00000000-0000-4000-8000-000000000376,True,DUPLICATE,dev,
00000000-0000-4000-8000-000000000377,False,,dev,
00000000-0000-4000-8000-000000000378,False,,dev,
00000000-0000-4000-8000-000000000379,True,AMOUNT_MISMATCH,test,
00000000-0000-4000-8000-000000000380,True,TIMING,test,
00000000-0000-4000-8000-000000000381,False,,dev,
00000000-0000-4000-8000-000000000382,False,,dev,
00000000-0000-4000-8000-000000000383,False,,dev,
00000000-0000-4000-8000-000000000384,True,REFUND,dev,
00000000-0000-4000-8000-000000000385,False,,dev,
00000000-0000-4000-8000-000000000386,False,,test,
00000000-0000-4000-8000-000000000387,False,,test,
00000000-0000-4000-8000-000000000388,False,,test,
00000000-0000-4000-8000-000000000389,False,,dev,
00000000-0000-4000-8000-000000000390,False,,dev,
00000000-0000-4000-8000-000000000391,True,DUPLICATE,dev,
00000000-0000-4000-8000-000000000392,False,,dev,
00000000-0000-4000-8000-000000000393,False,,dev,
00000000-0000-4000-8000-000000000394,False,,dev,
00000000-0000-4000-8000-000000000395,False,,dev,
00000000-0000-4000-8000-000000000396,False,,dev,
00000000-0000-4000-8000-000000000397,False,,dev,
00000000-0000-4000-8000-000000000398,False,,dev,
00000000-0000-4000-8000-000000000399,True,TIMING,dev,
00000000-0000-4000-8000-000000000400,True,AMOUNT_MISMATCH,dev,
00000000-0000-4000-8000-000000000401,False,,dev,
00000000-0000-4000-8000-000000000402,False,,dev,
00000000-0000-4000-8000-000000000403,False,,test,
00000000-0000-4000-8000-000000000404,True,TIMING,dev,
00000000-0000-4000-8000-000000000405,False,,dev,
00000000-0000-4000-8000-000000000406,False,,dev,
00000000-0000-4000-8000-000000000407,False,,dev,
00000000-0000-4000-8000-000000000408,True,DUPLICATE,dev,
00000000-0000-4000-8000-000000000409,False,,dev,
00000000-0000-4000-8000-000000000410,False,,dev,
00000000-0000-4000-8000-000000000411,False,,test,
00000000-0000-4000-8000-000000000412,True,AMOUNT_MISMATCH,dev,
00000000-0000-4000-8000-000000000413,False,,test,
00000000-0000-4000-8000-000000000414,False,,dev,
00000000-0000-4000-8000-000000000415,False,,dev,
00000000-0000-4000-8000-000000000416,False,,test,
00000000-0000-4000-8000-000000000417,False,,dev,
00000000-0000-4000-8000-000000000418,False,,dev,
00000000-0000-4000-8000-000000000419,True,FEE_MISMATCH,test,
00000000-0000-4000-8000-000000000420,True,TIMING,dev,
00000000-0000-4000-8000-000000000421,False,,dev,
00000000-0000-4000-8000-000000000422,True,MISSING_SETTLEMENT,dev,
00000000-0000-4000-8000-000000000423,False,,dev,
00000000-0000-4000-8000-000000000424,True,MISSING_SETTLEMENT,dev,
00000000-0000-4000-8000-000000000425,False,,dev,
00000000-0000-4000-8000-000000000426,False,,test,
00000000-0000-4000-8000-000000000427,False,,dev,
00000000-0000-4000-8000-000000000428,False,,dev,
00000000-0000-4000-8000-000000000429,False,,test,
00000000-0000-4000-8000-000000000430,False,,dev,
00000000-0000-4000-8000-000000000431,False,,dev,
00000000-0000-4000-8000-000000000432,True,DUPLICATE,dev,
00000000-0000-4000-8000-000000000433,False,,dev,
00000000-0000-4000-8000-000000000434,False,,dev,
00000000-0000-4000-8000-000000000435,False,,dev,
00000000-0000-4000-8000-000000000436,False,,dev,
00000000-0000-4000-8000-000000000437,False,,dev,
00000000-0000-4000-8000-000000000438,True,AMOUNT_MISMATCH,dev,
00000000-0000-4000-8000-000000000439,False,,dev,
00000000-0000-4000-8000-000000000440,False,,dev,
00000000-0000-4000-8000-000000000441,False,,test,
00000000-0000-4000-8000-000000000442,False,,test,
00000000-0000-4000-8000-000000000443,False,,dev,
00000000-0000-4000-8000-000000000444,False,,dev,
00000000-0000-4000-8000-000000000445,False,,dev,
00000000-0000-4000-8000-000000000446,True,DUPLICATE,dev,
00000000-0000-4000-8000-000000000447,True,REFUND,dev,
00000000-0000-4000-8000-000000000448,False,,dev,
00000000-0000-4000-8000-000000000449,False,,dev,
00000000-0000-4000-8000-000000000450,False,,dev,
00000000-0000-4000-8000-000000000451,False,,dev,
00000000-0000-4000-8000-000000000452,True,DUPLICATE,test,
00000000-0000-4000-8000-000000000453,False,,test,
00000000-0000-4000-8000-000000000454,False,,dev,
00000000-0000-4000-8000-000000000455,False,,dev,
00000000-0000-4000-8000-000000000456,False,,dev,
00000000-0000-4000-8000-000000000457,False,,dev,
00000000-0000-4000-8000-000000000458,True,FEE_MISMATCH,dev,
00000000-0000-4000-8000-000000000459,True,REFUND,dev,
00000000-0000-4000-8000-000000000460,False,,dev,
00000000-0000-4000-8000-000000000461,False,,dev,
00000000-0000-4000-8000-000000000462,False,,dev,
00000000-0000-4000-8000-000000000463,False,,test,
00000000-0000-4000-8000-000000000464,False,,dev,
00000000-0000-4000-8000-000000000465,False,,dev,
00000000-0000-4000-8000-000000000466,False,,dev,
00000000-0000-4000-8000-000000000467,False,,test,
00000000-0000-4000-8000-000000000468,False,,dev,
00000000-0000-4000-8000-000000000469,False,,dev,
00000000-0000-4000-8000-000000000470,True,TIMING,dev,
00000000-0000-4000-8000-000000000471,False,,dev,
00000000-0000-4000-8000-000000000472,False,,dev,
00000000-0000-4000-8000-000000000473,False,,test,
00000000-0000-4000-8000-000000000474,False,,dev,
00000000-0000-4000-8000-000000000475,False,,dev,
00000000-0000-4000-8000-000000000476,True,MISSING_SETTLEMENT,dev,
00000000-0000-4000-8000-000000000477,True,MISSING_SETTLEMENT,dev,
00000000-0000-4000-8000-000000000478,True,FEE_MISMATCH,dev,
00000000-0000-4000-8000-000000000479,True,FEE_MISMATCH,dev,
00000000-0000-4000-8000-000000000480,False,,test,
00000000-0000-4000-8000-000000000481,False,,dev,
00000000-0000-4000-8000-000000000482,True,REFUND,dev,
00000000-0000-4000-8000-000000000483,False,,dev,
00000000-0000-4000-8000-000000000484,False,,test,
00000000-0000-4000-8000-000000000485,False,,dev,
00000000-0000-4000-8000-000000000486,False,,dev,
00000000-0000-4000-8000-000000000487,True,TIMING,dev,
00000000-0000-4000-8000-000000000488,True,AMOUNT_MISMATCH,dev,
00000000-0000-4000-8000-000000000489,False,,test,
00000000-0000-4000-8000-000000000490,False,,dev,
00000000-0000-4000-8000-000000000491,False,,dev,
00000000-0000-4000-8000-000000000492,False,,test,
00000000-0000-4000-8000-000000000493,False,,dev,
00000000-0000-4000-8000-000000000494,False,,dev,
00000000-0000-4000-8000-000000000495,False,,dev,
00000000-0000-4000-8000-000000000496,False,,dev,
00000000-0000-4000-8000-000000000497,False,,dev,
00000000-0000-4000-8000-000000000498,False,,test,
00000000-0000-4000-8000-000000000499,False,,dev,
00000000-0000-4000-8000-000000000500,True,REFUND,dev,
00000000-0000-4000-8000-000000000501,False,,test,
00000000-0000-4000-8000-000000000502,False,,dev,
00000000-0000-4000-8000-000000000503,False,,test,
00000000-0000-4000-8000-000000000504,False,,dev,
00000000-0000-4000-8000-000000000505,False,,dev,
00000000-0000-4000-8000-000000000506,False,,dev,
00000000-0000-4000-8000-000000000507,False,,dev,
00000000-0000-4000-8000-000000000508,False,,dev,
00000000-0000-4000-8000-000000000509,False,,test,
00000000-0000-4000-8000-000000000510,True,MISSING_SETTLEMENT,test,
00000000-0000-4000-8000-000000000511,False,,dev,
00000000-0000-4000-8000-000000000512,False,,dev,
00000000-0000-4000-8000-000000000513,False,,dev,
00000000-0000-4000-8000-000000000514,False,,dev,
00000000-0000-4000-8000-000000000515,False,,dev,
00000000-0000-4000-8000-000000000516,False,,dev,
00000000-0000-4000-8000-000000000517,False,,dev,
00000000-0000-4000-8000-000000000518,False,,dev,
00000000-0000-4000-8000-000000000519,False,,test,
00000000-0000-4000-8000-000000000520,True,MISSING_SETTLEMENT,dev,
00000000-0000-4000-8000-000000000521,True,MISSING_SETTLEMENT,test,
00000000-0000-4000-8000-000000000522,True,TIMING,dev,
00000000-0000-4000-8000-000000000523,False,,dev,
00000000-0000-4000-8000-000000000524,False,,test,
00000000-0000-4000-8000-000000000525,False,,dev,
00000000-0000-4000-8000-000000000526,True,TIMING,dev,
00000000-0000-4000-8000-000000000527,False,,test,
00000000-0000-4000-8000-000000000528,False,,test,
00000000-0000-4000-8000-000000000529,True,DUPLICATE,dev,
00000000-0000-4000-8000-000000000530,True,AMOUNT_MISMATCH,test,
00000000-0000-4000-8000-000000000531,False,,dev,
00000000-0000-4000-8000-000000000532,False,,dev,
00000000-0000-4000-8000-000000000533,False,,dev,
00000000-0000-4000-8000-000000000534,False,,dev,
00000000-0000-4000-8000-000000000535,True,REFUND,dev,
00000000-0000-4000-8000-000000000536,False,,dev,
00000000-0000-4000-8000-000000000537,False,,dev,
00000000-0000-4000-8000-000000000538,False,,test,
00000000-0000-4000-8000-000000000539,True,DUPLICATE,dev,
00000000-0000-4000-8000-000000000540,False,,test,
00000000-0000-4000-8000-000000000541,False,,dev,
00000000-0000-4000-8000-000000000542,False,,dev,
00000000-0000-4000-8000-000000000543,False,,dev,
00000000-0000-4000-8000-000000000544,False,,dev,
00000000-0000-4000-8000-000000000545,False,,dev,
00000000-0000-4000-8000-000000000546,False,,dev,
00000000-0000-4000-8000-000000000547,False,,dev,
00000000-0000-4000-8000-000000000548,False,,dev,
00000000-0000-4000-8000-000000000549,True,TIMING,dev,
00000000-0000-4000-8000-000000000550,False,,dev,
00000000-0000-4000-8000-000000000551,False,,dev,
00000000-0000-4000-8000-000000000552,False,,dev,
00000000-0000-4000-8000-000000000553,True,FEE_MISMATCH,dev,
00000000-0000-4000-8000-000000000554,False,,dev,
00000000-0000-4000-8000-000000000555,False,,dev,
00000000-0000-4000-8000-000000000556,False,,dev,
00000000-0000-4000-8000-000000000557,True,MISSING_SETTLEMENT,dev,
00000000-0000-4000-8000-000000000558,False,,dev,
00000000-0000-4000-8000-000000000559,False,,dev,
00000000-0000-4000-8000-000000000560,False,,dev,
00000000-0000-4000-8000-000000000561,True,REFUND,dev,
00000000-0000-4000-8000-000000000562,False,,test,
00000000-0000-4000-8000-000000000563,True,MISSING_SETTLEMENT,dev,
00000000-0000-4000-8000-000000000564,True,FEE_MISMATCH,dev,
00000000-0000-4000-8000-000000000565,True,TIMING,dev,
00000000-0000-4000-8000-000000000566,False,,dev,
00000000-0000-4000-8000-000000000567,False,,dev,
00000000-0000-4000-8000-000000000568,False,,test,
00000000-0000-4000-8000-000000000569,False,,test,
00000000-0000-4000-8000-000000000570,False,,test,
00000000-0000-4000-8000-000000000571,False,,dev,
00000000-0000-4000-8000-000000000572,True,REFUND,dev,
00000000-0000-4000-8000-000000000573,True,MISSING_SETTLEMENT,dev,
00000000-0000-4000-8000-000000000574,False,,dev,
00000000-0000-4000-8000-000000000575,False,,dev,
00000000-0000-4000-8000-000000000576,True,REFUND,dev,
00000000-0000-4000-8000-000000000577,False,,dev,
00000000-0000-4000-8000-000000000578,False,,test,
00000000-0000-4000-8000-000000000579,False,,test,
00000000-0000-4000-8000-000000000580,True,TIMING,test,
00000000-0000-4000-8000-000000000581,False,,dev,
00000000-0000-4000-8000-000000000582,True,MISSING_SETTLEMENT,dev,
00000000-0000-4000-8000-000000000583,False,,dev,
00000000-0000-4000-8000-000000000584,False,,dev,
00000000-0000-4000-8000-000000000585,False,,dev,
00000000-0000-4000-8000-000000000586,False,,dev,
00000000-0000-4000-8000-000000000587,False,,dev,
00000000-0000-4000-8000-000000000588,False,,dev,
00000000-0000-4000-8000-000000000589,True,DUPLICATE,dev,
00000000-0000-4000-8000-000000000590,False,,dev,
00000000-0000-4000-8000-000000000591,False,,dev,
00000000-0000-4000-8000-000000000592,False,,dev,
00000000-0000-4000-8000-000000000593,False,,dev,
00000000-0000-4000-8000-000000000594,False,,dev,
00000000-0000-4000-8000-000000000595,False,,test,
00000000-0000-4000-8000-000000000596,False,,dev,
00000000-0000-4000-8000-000000000597,False,,test,
00000000-0000-4000-8000-000000000598,False,,dev,
00000000-0000-4000-8000-000000000599,False,,test,
00000000-0000-4000-8000-000000000600,True,AMOUNT_MISMATCH,dev,
00000000-0000-4000-8000-000000000601,False,,test,
00000000-0000-4000-8000-000000000602,False,,dev,
00000000-0000-4000-8000-000000000603,True,REFUND,dev,
00000000-0000-4000-8000-000000000604,False,,dev,
00000000-0000-4000-8000-000000000605,False,,dev,
00000000-0000-4000-8000-000000000606,False,,dev,
00000000-0000-4000-8000-000000000607,True,AMOUNT_MISMATCH,dev,
00000000-0000-4000-8000-000000000608,True,DUPLICATE,dev,
00000000-0000-4000-8000-000000000609,False,,test,
00000000-0000-4000-8000-000000000610,False,,dev,
00000000-0000-4000-8000-000000000611,False,,test,
00000000-0000-4000-8000-000000000612,False,,test,
00000000-0000-4000-8000-000000000613,True,AMOUNT_MISMATCH,dev,
00000000-0000-4000-8000-000000000614,False,,dev,
00000000-0000-4000-8000-000000000615,False,,dev,
00000000-0000-4000-8000-000000000616,True,AMOUNT_MISMATCH,dev,
00000000-0000-4000-8000-000000000617,True,TIMING,dev,
00000000-0000-4000-8000-000000000618,False,,dev,
00000000-0000-4000-8000-000000000619,False,,dev,
00000000-0000-4000-8000-000000000620,False,,dev,
00000000-0000-4000-8000-000000000621,False,,dev,
00000000-0000-4000-8000-000000000622,True,AMOUNT_MISMATCH,dev,
00000000-0000-4000-8000-000000000623,False,,test,
00000000-0000-4000-8000-000000000624,False,,dev,
00000000-0000-4000-8000-000000000625,False,,dev,
00000000-0000-4000-8000-000000000626,False,,dev,
00000000-0000-4000-8000-000000000627,False,,dev,
00000000-0000-4000-8000-000000000628,False,,dev,
00000000-0000-4000-8000-000000000629,True,FEE_MISMATCH,test,
00000000-0000-4000-8000-000000000630,False,,dev,
00000000-0000-4000-8000-000000000631,False,,dev,
00000000-0000-4000-8000-000000000632,False,,dev,
00000000-0000-4000-8000-000000000633,True,DUPLICATE,dev,
00000000-0000-4000-8000-000000000634,True,MISSING_SETTLEMENT,dev,
00000000-0000-4000-8000-000000000635,True,FEE_MISMATCH,test,
00000000-0000-4000-8000-000000000636,False,,dev,
00000000-0000-4000-8000-000000000637,False,,dev,
00000000-0000-4000-8000-000000000638,True,AMOUNT_MISMATCH,dev,
00000000-0000-4000-8000-000000000639,False,,dev,
00000000-0000-4000-8000-000000000640,False,,dev,
00000000-0000-4000-8000-000000000641,False,,dev,
00000000-0000-4000-8000-000000000642,False,,test,
00000000-0000-4000-8000-000000000643,False,,dev,
00000000-0000-4000-8000-000000000644,False,,dev,
00000000-0000-4000-8000-000000000645,True,AMOUNT_MISMATCH,test,
00000000-0000-4000-8000-000000000646,False,,test,
00000000-0000-4000-8000-000000000647,False,,test,
00000000-0000-4000-8000-000000000648,False,,test,
00000000-0000-4000-8000-000000000649,False,,dev,
00000000-0000-4000-8000-000000000650,False,,dev,
00000000-0000-4000-8000-000000000651,False,,dev,
00000000-0000-4000-8000-000000000652,True,DUPLICATE,test,
00000000-0000-4000-8000-000000000653,False,,dev,
00000000-0000-4000-8000-000000000654,False,,dev,
00000000-0000-4000-8000-000000000655,True,TIMING,dev,
00000000-0000-4000-8000-000000000656,False,,dev,
00000000-0000-4000-8000-000000000657,False,,test,
00000000-0000-4000-8000-000000000658,True,DUPLICATE,dev,
00000000-0000-4000-8000-000000000659,False,,dev,
00000000-0000-4000-8000-000000000660,False,,dev,
00000000-0000-4000-8000-000000000661,True,AMOUNT_MISMATCH,dev,
00000000-0000-4000-8000-000000000662,False,,dev,
00000000-0000-4000-8000-000000000663,False,,dev,
00000000-0000-4000-8000-000000000664,False,,dev,
00000000-0000-4000-8000-000000000665,True,FEE_MISMATCH,test,
00000000-0000-4000-8000-000000000666,False,,dev,
00000000-0000-4000-8000-000000000667,False,,dev,
00000000-0000-4000-8000-000000000668,True,TIMING,dev,
00000000-0000-4000-8000-000000000669,False,,dev,
00000000-0000-4000-8000-000000000670,False,,dev,
00000000-0000-4000-8000-000000000671,False,,dev,
00000000-0000-4000-8000-000000000672,False,,dev,
00000000-0000-4000-8000-000000000673,True,TIMING,dev,
00000000-0000-4000-8000-000000000674,False,,dev,
00000000-0000-4000-8000-000000000675,False,,dev,
00000000-0000-4000-8000-000000000676,False,,test,
00000000-0000-4000-8000-000000000677,False,,test,
00000000-0000-4000-8000-000000000678,True,DUPLICATE,dev,
00000000-0000-4000-8000-000000000679,False,,test,
00000000-0000-4000-8000-000000000680,False,,dev,
00000000-0000-4000-8000-000000000681,True,MISSING_SETTLEMENT,dev,
00000000-0000-4000-8000-000000000682,False,,dev,
00000000-0000-4000-8000-000000000683,True,TIMING,test,
00000000-0000-4000-8000-000000000684,True,MISSING_SETTLEMENT,dev,
00000000-0000-4000-8000-000000000685,False,,dev,
00000000-0000-4000-8000-000000000686,True,REFUND,dev,
00000000-0000-4000-8000-000000000687,False,,dev,
00000000-0000-4000-8000-000000000688,False,,dev,
00000000-0000-4000-8000-000000000689,False,,dev,
00000000-0000-4000-8000-000000000690,False,,dev,
00000000-0000-4000-8000-000000000691,False,,dev,
00000000-0000-4000-8000-000000000692,False,,test,
00000000-0000-4000-8000-000000000693,False,,dev,
00000000-0000-4000-8000-000000000694,False,,dev,
00000000-0000-4000-8000-000000000695,False,,dev,
00000000-0000-4000-8000-000000000696,False,,dev,
00000000-0000-4000-8000-000000000697,False,,dev,
00000000-0000-4000-8000-000000000698,False,,dev,
00000000-0000-4000-8000-000000000699,True,FEE_MISMATCH,dev,
00000000-0000-4000-8000-000000000700,False,,dev,
00000000-0000-4000-8000-000000000701,False,,dev,
00000000-0000-4000-8000-000000000702,False,,dev,
00000000-0000-4000-8000-000000000703,True,REFUND,test,
00000000-0000-4000-8000-000000000704,False,,dev,
00000000-0000-4000-8000-000000000705,False,,dev,
00000000-0000-4000-8000-000000000706,False,,dev,
00000000-0000-4000-8000-000000000707,False,,dev,
00000000-0000-4000-8000-000000000708,False,,dev,
00000000-0000-4000-8000-000000000709,False,,dev,
00000000-0000-4000-8000-000000000710,False,,dev,
00000000-0000-4000-8000-000000000711,False,,test,
00000000-0000-4000-8000-000000000712,False,,dev,
00000000-0000-4000-8000-000000000713,True,FEE_MISMATCH,dev,
00000000-0000-4000-8000-000000000714,False,,dev,
00000000-0000-4000-8000-000000000715,True,FEE_MISMATCH,dev,
00000000-0000-4000-8000-000000000716,False,,test,
00000000-0000-4000-8000-000000000717,False,,dev,
00000000-0000-4000-8000-000000000718,False,,test,
00000000-0000-4000-8000-000000000719,False,,test,
00000000-0000-4000-8000-000000000720,False,,dev,
00000000-0000-4000-8000-000000000721,False,,dev,
00000000-0000-4000-8000-000000000722,True,AMOUNT_MISMATCH,dev,
00000000-0000-4000-8000-000000000723,False,,dev,
00000000-0000-4000-8000-000000000724,True,AMOUNT_MISMATCH,dev,
00000000-0000-4000-8000-000000000725,False,,dev,
00000000-0000-4000-8000-000000000726,False,,dev,
00000000-0000-4000-8000-000000000727,False,,dev,
00000000-0000-4000-8000-000000000728,False,,test,
00000000-0000-4000-8000-000000000729,False,,dev,
00000000-0000-4000-8000-000000000730,True,TIMING,dev,
00000000-0000-4000-8000-000000000731,False,,dev,
00000000-0000-4000-8000-000000000732,False,,dev,
00000000-0000-4000-8000-000000000733,False,,dev,
00000000-0000-4000-8000-000000000734,False,,test,
00000000-0000-4000-8000-000000000735,False,,dev,
00000000-0000-4000-8000-000000000736,False,,test,
00000000-0000-4000-8000-000000000737,True,MISSING_SETTLEMENT,dev,
00000000-0000-4000-8000-000000000738,False,,test,
00000000-0000-4000-8000-000000000739,False,,dev,
00000000-0000-4000-8000-000000000740,False,,dev,
00000000-0000-4000-8000-000000000741,False,,dev,
00000000-0000-4000-8000-000000000742,False,,dev,
00000000-0000-4000-8000-000000000743,False,,dev,
00000000-0000-4000-8000-000000000744,True,MISSING_SETTLEMENT,dev,
00000000-0000-4000-8000-000000000745,True,TIMING,dev,
00000000-0000-4000-8000-000000000746,False,,test,
00000000-0000-4000-8000-000000000747,True,AMOUNT_MISMATCH,dev,
00000000-0000-4000-8000-000000000748,False,,dev,
00000000-0000-4000-8000-000000000749,False,,dev,
00000000-0000-4000-8000-000000000750,False,,dev,
00000000-0000-4000-8000-000000000751,False,,dev,
00000000-0000-4000-8000-000000000752,True,REFUND,dev,
00000000-0000-4000-8000-000000000753,True,FEE_MISMATCH,dev,
00000000-0000-4000-8000-000000000754,True,AMOUNT_MISMATCH,dev,
00000000-0000-4000-8000-000000000755,False,,dev,
00000000-0000-4000-8000-000000000756,False,,test,
00000000-0000-4000-8000-000000000757,False,,test,
00000000-0000-4000-8000-000000000758,True,AMOUNT_MISMATCH,dev,
00000000-0000-4000-8000-000000000759,False,,test,
00000000-0000-4000-8000-000000000760,False,,dev,
00000000-0000-4000-8000-000000000761,False,,dev,
00000000-0000-4000-8000-000000000762,False,,dev,
00000000-0000-4000-8000-000000000763,False,,dev,
00000000-0000-4000-8000-000000000764,False,,dev,
00000000-0000-4000-8000-000000000765,False,,test,
00000000-0000-4000-8000-000000000766,False,,dev,
00000000-0000-4000-8000-000000000767,False,,dev,
00000000-0000-4000-8000-000000000768,False,,dev,
00000000-0000-4000-8000-000000000769,False,,test,
00000000-0000-4000-8000-000000000770,True,REFUND,dev,
00000000-0000-4000-8000-000000000771,True,AMOUNT_MISMATCH,dev,
00000000-0000-4000-8000-000000000772,False,,dev,
00000000-0000-4000-8000-000000000773,False,,test,
00000000-0000-4000-8000-000000000774,False,,dev,
00000000-0000-4000-8000-000000000775,False,,dev,
00000000-0000-4000-8000-000000000776,False,,dev,
00000000-0000-4000-8000-000000000777,True,MISSING_SETTLEMENT,test,
00000000-0000-4000-8000-000000000778,False,,dev,
00000000-0000-4000-8000-000000000779,False,,test,
00000000-0000-4000-8000-000000000780,False,,dev,
00000000-0000-4000-8000-000000000781,False,,dev,
00000000-0000-4000-8000-000000000782,False,,dev,
00000000-0000-4000-8000-000000000783,False,,dev,
00000000-0000-4000-8000-000000000784,False,,dev,
00000000-0000-4000-8000-000000000785,False,,dev,
00000000-0000-4000-8000-000000000786,True,MISSING_SETTLEMENT,dev,
00000000-0000-4000-8000-000000000787,False,,dev,
00000000-0000-4000-8000-000000000788,True,AMOUNT_MISMATCH,test,
00000000-0000-4000-8000-000000000789,True,TIMING,test,
00000000-0000-4000-8000-000000000790,True,DUPLICATE,dev,
00000000-0000-4000-8000-000000000791,True,MISSING_SETTLEMENT,dev,
00000000-0000-4000-8000-000000000792,True,TIMING,dev,
00000000-0000-4000-8000-000000000793,False,,dev,
00000000-0000-4000-8000-000000000794,False,,dev,
00000000-0000-4000-8000-000000000795,False,,dev,
00000000-0000-4000-8000-000000000796,False,,dev,
00000000-0000-4000-8000-000000000797,False,,dev,
00000000-0000-4000-8000-000000000798,True,FEE_MISMATCH,dev,
00000000-0000-4000-8000-000000000799,False,,dev,
00000000-0000-4000-8000-000000000800,True,REFUND,dev,
00000000-0000-4000-8000-000000000801,False,,dev,
00000000-0000-4000-8000-000000000802,False,,dev,
00000000-0000-4000-8000-000000000803,False,,dev,
00000000-0000-4000-8000-000000000804,True,DUPLICATE,dev,
00000000-0000-4000-8000-000000000805,False,,dev,
00000000-0000-4000-8000-000000000806,False,,dev,
00000000-0000-4000-8000-000000000807,True,REFUND,test,
00000000-0000-4000-8000-000000000808,True,TIMING,dev,
00000000-0000-4000-8000-000000000809,True,REFUND,dev,
00000000-0000-4000-8000-000000000810,False,,dev,
00000000-0000-4000-8000-000000000811,True,FEE_MISMATCH,dev,
00000000-0000-4000-8000-000000000812,True,DUPLICATE,test,
00000000-0000-4000-8000-000000000813,True,FEE_MISMATCH,dev,
00000000-0000-4000-8000-000000000814,True,REFUND,test,
00000000-0000-4000-8000-000000000815,False,,test,
00000000-0000-4000-8000-000000000816,False,,dev,
00000000-0000-4000-8000-000000000817,False,,dev,
00000000-0000-4000-8000-000000000818,True,MISSING_SETTLEMENT,dev,
00000000-0000-4000-8000-000000000819,False,,dev,
00000000-0000-4000-8000-000000000820,False,,dev,
00000000-0000-4000-8000-000000000821,False,,dev,
00000000-0000-4000-8000-000000000822,False,,test,
00000000-0000-4000-8000-000000000823,False,,dev,
00000000-0000-4000-8000-000000000824,True,TIMING,dev,
00000000-0000-4000-8000-000000000825,False,,dev,
00000000-0000-4000-8000-000000000826,False,,dev,
00000000-0000-4000-8000-000000000827,False,,dev,
00000000-0000-4000-8000-000000000828,False,,dev,
00000000-0000-4000-8000-000000000829,True,REFUND,dev,
00000000-0000-4000-8000-000000000830,False,,dev,
00000000-0000-4000-8000-000000000831,True,MISSING_SETTLEMENT,dev,
00000000-0000-4000-8000-000000000832,True,REFUND,dev,
00000000-0000-4000-8000-000000000833,False,,dev,
00000000-0000-4000-8000-000000000834,False,,dev,
00000000-0000-4000-8000-000000000835,False,,test,
00000000-0000-4000-8000-000000000836,False,,test,
00000000-0000-4000-8000-000000000837,True,FEE_MISMATCH,dev,
00000000-0000-4000-8000-000000000838,False,,dev,
00000000-0000-4000-8000-000000000839,False,,test,
00000000-0000-4000-8000-000000000840,False,,test,
00000000-0000-4000-8000-000000000841,False,,dev,
00000000-0000-4000-8000-000000000842,True,DUPLICATE,dev,
00000000-0000-4000-8000-000000000843,True,REFUND,dev,
00000000-0000-4000-8000-000000000844,False,,dev,
00000000-0000-4000-8000-000000000845,False,,dev,
00000000-0000-4000-8000-000000000846,False,,test,
00000000-0000-4000-8000-000000000847,False,,dev,
00000000-0000-4000-8000-000000000848,True,FEE_MISMATCH,dev,
00000000-0000-4000-8000-000000000849,False,,dev,
00000000-0000-4000-8000-000000000850,False,,dev,
00000000-0000-4000-8000-000000000851,True,TIMING,test,
00000000-0000-4000-8000-000000000852,True,FEE_MISMATCH,dev,
00000000-0000-4000-8000-000000000853,False,,dev,
00000000-0000-4000-8000-000000000854,True,TIMING,test,
00000000-0000-4000-8000-000000000855,False,,test,
00000000-0000-4000-8000-000000000856,False,,dev,
00000000-0000-4000-8000-000000000857,False,,dev,
00000000-0000-4000-8000-000000000858,False,,dev,
00000000-0000-4000-8000-000000000859,False,,dev,
00000000-0000-4000-8000-000000000860,False,,dev,
00000000-0000-4000-8000-000000000861,False,,dev,
00000000-0000-4000-8000-000000000862,False,,test,
00000000-0000-4000-8000-000000000863,False,,dev,
00000000-0000-4000-8000-000000000864,False,,dev,
00000000-0000-4000-8000-000000000865,False,,dev,
00000000-0000-4000-8000-000000000866,False,,dev,
00000000-0000-4000-8000-000000000867,False,,dev,
00000000-0000-4000-8000-000000000868,False,,dev,
00000000-0000-4000-8000-000000000869,False,,dev,
00000000-0000-4000-8000-000000000870,False,,dev,
00000000-0000-4000-8000-000000000871,True,MISSING_SETTLEMENT,dev,
00000000-0000-4000-8000-000000000872,True,TIMING,dev,
00000000-0000-4000-8000-000000000873,True,AMOUNT_MISMATCH,dev,
00000000-0000-4000-8000-000000000874,False,,dev,
00000000-0000-4000-8000-000000000875,False,,dev,
00000000-0000-4000-8000-000000000876,True,MISSING_SETTLEMENT,dev,
00000000-0000-4000-8000-000000000877,True,FEE_MISMATCH,test,
00000000-0000-4000-8000-000000000878,True,AMOUNT_MISMATCH,dev,
00000000-0000-4000-8000-000000000879,False,,dev,
00000000-0000-4000-8000-000000000880,False,,dev,
00000000-0000-4000-8000-000000000881,False,,dev,
00000000-0000-4000-8000-000000000882,False,,dev,
00000000-0000-4000-8000-000000000883,False,,test,
00000000-0000-4000-8000-000000000884,False,,dev,
00000000-0000-4000-8000-000000000885,False,,test,
00000000-0000-4000-8000-000000000886,False,,dev,
00000000-0000-4000-8000-000000000887,False,,test,
00000000-0000-4000-8000-000000000888,False,,dev,
00000000-0000-4000-8000-000000000889,True,TIMING,dev,
00000000-0000-4000-8000-000000000890,False,,dev,
00000000-0000-4000-8000-000000000891,False,,dev,
00000000-0000-4000-8000-000000000892,False,,dev,
00000000-0000-4000-8000-000000000893,True,DUPLICATE,test,
00000000-0000-4000-8000-000000000894,False,,dev,
00000000-0000-4000-8000-000000000895,False,,dev,
00000000-0000-4000-8000-000000000896,False,,dev,
00000000-0000-4000-8000-000000000897,False,,dev,
00000000-0000-4000-8000-000000000898,True,TIMING,dev,
00000000-0000-4000-8000-000000000899,False,,dev,
00000000-0000-4000-8000-000000000900,False,,dev,
00000000-0000-4000-8000-000000000901,False,,dev,
00000000-0000-4000-8000-000000000902,False,,dev,
00000000-0000-4000-8000-000000000903,False,,dev,
00000000-0000-4000-8000-000000000904,False,,dev,
00000000-0000-4000-8000-000000000905,False,,dev,
00000000-0000-4000-8000-000000000906,True,AMOUNT_MISMATCH,dev,
00000000-0000-4000-8000-000000000907,False,,test,
00000000-0000-4000-8000-000000000908,False,,dev,
00000000-0000-4000-8000-000000000909,True,REFUND,dev,
00000000-0000-4000-8000-000000000910,True,REFUND,dev,
00000000-0000-4000-8000-000000000911,False,,dev,
00000000-0000-4000-8000-000000000912,True,DUPLICATE,dev,
00000000-0000-4000-8000-000000000913,True,TIMING,dev,
00000000-0000-4000-8000-000000000914,True,AMOUNT_MISMATCH,dev,
00000000-0000-4000-8000-000000000915,False,,dev,
00000000-0000-4000-8000-000000000916,False,,dev,
00000000-0000-4000-8000-000000000917,True,FEE_MISMATCH,dev,
00000000-0000-4000-8000-000000000918,False,,dev,
00000000-0000-4000-8000-000000000919,False,,dev,
00000000-0000-4000-8000-000000000920,False,,dev,
00000000-0000-4000-8000-000000000921,False,,dev,
00000000-0000-4000-8000-000000000922,False,,dev,
00000000-0000-4000-8000-000000000923,False,,dev,
00000000-0000-4000-8000-000000000924,False,,dev,
00000000-0000-4000-8000-000000000925,False,,dev,
00000000-0000-4000-8000-000000000926,True,DUPLICATE,dev,
00000000-0000-4000-8000-000000000927,True,DUPLICATE,dev,
00000000-0000-4000-8000-000000000928,False,,dev,
00000000-0000-4000-8000-000000000929,False,,dev,
00000000-0000-4000-8000-000000000930,True,AMOUNT_MISMATCH,dev,
00000000-0000-4000-8000-000000000931,False,,dev,
00000000-0000-4000-8000-000000000932,False,,test,
00000000-0000-4000-8000-000000000933,False,,dev,
00000000-0000-4000-8000-000000000934,False,,dev,
00000000-0000-4000-8000-000000000935,False,,test,
00000000-0000-4000-8000-000000000936,False,,dev,
00000000-0000-4000-8000-000000000937,False,,dev,
00000000-0000-4000-8000-000000000938,False,,dev,
00000000-0000-4000-8000-000000000939,False,,dev,
00000000-0000-4000-8000-000000000940,True,MISSING_SETTLEMENT,dev,
00000000-0000-4000-8000-000000000941,False,,dev,
00000000-0000-4000-8000-000000000942,False,,dev,
00000000-0000-4000-8000-000000000943,False,,test,
00000000-0000-4000-8000-000000000944,True,AMOUNT_MISMATCH,dev,
00000000-0000-4000-8000-000000000945,False,,dev,
00000000-0000-4000-8000-000000000946,False,,dev,
00000000-0000-4000-8000-000000000947,False,,dev,
00000000-0000-4000-8000-000000000948,False,,dev,
00000000-0000-4000-8000-000000000949,True,TIMING,dev,
00000000-0000-4000-8000-000000000950,False,,dev,
00000000-0000-4000-8000-000000000951,True,FEE_MISMATCH,dev,
00000000-0000-4000-8000-000000000952,False,,dev,
00000000-0000-4000-8000-000000000953,False,,dev,
00000000-0000-4000-8000-000000000954,True,TIMING,dev,
00000000-0000-4000-8000-000000000955,False,,test,
00000000-0000-4000-8000-000000000956,True,TIMING,test,
00000000-0000-4000-8000-000000000957,False,,test,
00000000-0000-4000-8000-000000000958,False,,dev,
00000000-0000-4000-8000-000000000959,True,MISSING_SETTLEMENT,dev,
00000000-0000-4000-8000-000000000960,True,FEE_MISMATCH,dev,
00000000-0000-4000-8000-000000000961,False,,dev,
00000000-0000-4000-8000-000000000962,True,DUPLICATE,dev,
00000000-0000-4000-8000-000000000963,True,MISSING_SETTLEMENT,dev,
00000000-0000-4000-8000-000000000964,False,,test,
00000000-0000-4000-8000-000000000965,False,,dev,
00000000-0000-4000-8000-000000000966,False,,dev,
00000000-0000-4000-8000-000000000967,False,,dev,
00000000-0000-4000-8000-000000000968,False,,dev,
00000000-0000-4000-8000-000000000969,True,TIMING,dev,
00000000-0000-4000-8000-000000000970,False,,dev,
00000000-0000-4000-8000-000000000971,False,,test,
00000000-0000-4000-8000-000000000972,False,,dev,
00000000-0000-4000-8000-000000000973,False,,dev,
00000000-0000-4000-8000-000000000974,False,,test,
00000000-0000-4000-8000-000000000975,False,,dev,
00000000-0000-4000-8000-000000000976,False,,dev,
00000000-0000-4000-8000-000000000977,False,,dev,
00000000-0000-4000-8000-000000000978,False,,dev,
00000000-0000-4000-8000-000000000979,False,,dev,
00000000-0000-4000-8000-000000000980,False,,dev,
00000000-0000-4000-8000-000000000981,False,,dev,
00000000-0000-4000-8000-000000000982,False,,dev,
00000000-0000-4000-8000-000000000983,False,,dev,
00000000-0000-4000-8000-000000000984,False,,dev,
00000000-0000-4000-8000-000000000985,False,,dev,
00000000-0000-4000-8000-000000000986,False,,dev,
00000000-0000-4000-8000-000000000987,True,DUPLICATE,dev,
00000000-0000-4000-8000-000000000988,True,FEE_MISMATCH,dev,
00000000-0000-4000-8000-000000000989,False,,dev,
00000000-0000-4000-8000-000000000990,False,,dev,
00000000-0000-4000-8000-000000000991,True,FEE_MISMATCH,dev,
00000000-0000-4000-8000-000000000992,False,,dev,
00000000-0000-4000-8000-000000000993,False,,dev,
00000000-0000-4000-8000-000000000994,False,,test,
00000000-0000-4000-8000-000000000995,False,,dev,
00000000-0000-4000-8000-000000000996,True,FEE_MISMATCH,test,
00000000-0000-4000-8000-000000000997,False,,dev,
00000000-0000-4000-8000-000000000998,False,,dev,
00000000-0000-4000-8000-000000000999,False,,dev,
00000000-0000-4000-8000-000000001000,False,,dev,hard_tier: unmatched_bank_credit_resolvable
00000000-0000-4000-8000-000000001001,False,,dev,hard_tier: unmatched_bank_credit_resolvable
00000000-0000-4000-8000-000000001002,False,,dev,hard_tier: unmatched_bank_credit_resolvable
00000000-0000-4000-8000-000000001003,False,,test,hard_tier: unmatched_bank_credit_resolvable
00000000-0000-4000-8000-000000001004,False,,dev,hard_tier: unmatched_bank_credit_resolvable
00000000-0000-4000-8000-000000001005,False,,dev,hard_tier: unmatched_bank_credit_resolvable
00000000-0000-4000-8000-000000001006,False,,dev,hard_tier: unmatched_bank_credit_resolvable
00000000-0000-4000-8000-000000001007,False,,dev,hard_tier: unmatched_bank_credit_resolvable
00000000-0000-4000-8000-000000001008,False,,dev,hard_tier: unmatched_bank_credit_resolvable
00000000-0000-4000-8000-000000001009,False,,dev,hard_tier: unmatched_bank_credit_resolvable
00000000-0000-4000-8000-000000001010,False,,test,hard_tier: unmatched_bank_credit_resolvable
00000000-0000-4000-8000-000000001011,False,,dev,hard_tier: unmatched_bank_credit_resolvable
00000000-0000-4000-8000-000000001012,False,,dev,hard_tier: unmatched_bank_credit_resolvable
00000000-0000-4000-8000-000000001013,False,,dev,hard_tier: unmatched_bank_credit_resolvable
00000000-0000-4000-8000-000000001014,False,,dev,hard_tier: unmatched_bank_credit_resolvable
00000000-0000-4000-8000-000000001015,False,,test,hard_tier: unmatched_bank_credit_resolvable
00000000-0000-4000-8000-000000001016,False,,test,hard_tier: unmatched_bank_credit_resolvable
00000000-0000-4000-8000-000000001017,False,,dev,hard_tier: unmatched_bank_credit_resolvable
00000000-0000-4000-8000-000000001018,False,,dev,hard_tier: unmatched_bank_credit_resolvable
00000000-0000-4000-8000-000000001019,False,,dev,hard_tier: unmatched_bank_credit_resolvable
00000000-0000-4000-8000-000000001020,False,,dev,hard_tier: unmatched_bank_credit_resolvable
00000000-0000-4000-8000-000000001021,False,,test,hard_tier: unmatched_bank_credit_resolvable
00000000-0000-4000-8000-000000001022,False,,dev,hard_tier: unmatched_bank_credit_resolvable
00000000-0000-4000-8000-000000001023,False,,dev,hard_tier: unmatched_bank_credit_resolvable
00000000-0000-4000-8000-000000001024,False,,dev,hard_tier: unmatched_bank_credit_resolvable
00000000-0000-4000-8000-000000001025,False,,dev,hard_tier: unmatched_bank_credit_resolvable
00000000-0000-4000-8000-000000001026,False,,dev,hard_tier: unmatched_bank_credit_resolvable
00000000-0000-4000-8000-000000001027,False,,dev,hard_tier: unmatched_bank_credit_resolvable
00000000-0000-4000-8000-000000001028,False,,test,hard_tier: unmatched_bank_credit_resolvable
00000000-0000-4000-8000-000000001029,False,,dev,hard_tier: unmatched_bank_credit_resolvable
00000000-0000-4000-8000-000000001030,True,,dev,hard_tier: unmatched_bank_credit_ambiguous_pair
00000000-0000-4000-8000-000000001031,True,,test,hard_tier: unmatched_bank_credit_ambiguous_pair
00000000-0000-4000-8000-000000001032,True,,dev,hard_tier: unmatched_bank_credit_ambiguous_pair
00000000-0000-4000-8000-000000001033,True,,test,hard_tier: unmatched_bank_credit_ambiguous_pair
00000000-0000-4000-8000-000000001034,True,,dev,hard_tier: unmatched_bank_credit_ambiguous_pair
00000000-0000-4000-8000-000000001035,True,,dev,hard_tier: unmatched_bank_credit_ambiguous_pair
00000000-0000-4000-8000-000000001036,True,,dev,hard_tier: unmatched_bank_credit_ambiguous_pair
00000000-0000-4000-8000-000000001037,True,,dev,hard_tier: unmatched_bank_credit_ambiguous_pair
00000000-0000-4000-8000-000000001038,True,,dev,hard_tier: unmatched_bank_credit_ambiguous_pair
00000000-0000-4000-8000-000000001039,True,,dev,hard_tier: unmatched_bank_credit_ambiguous_pair
00000000-0000-4000-8000-000000001040,True,,dev,hard_tier: unmatched_bank_credit_ambiguous_pair
00000000-0000-4000-8000-000000001041,True,,dev,hard_tier: unmatched_bank_credit_ambiguous_pair
00000000-0000-4000-8000-000000001042,True,,dev,hard_tier: unmatched_bank_credit_ambiguous_pair
00000000-0000-4000-8000-000000001043,True,,test,hard_tier: unmatched_bank_credit_ambiguous_pair
00000000-0000-4000-8000-000000001044,True,,dev,hard_tier: unmatched_bank_credit_ambiguous_pair
00000000-0000-4000-8000-000000001045,True,,dev,hard_tier: unmatched_bank_credit_ambiguous_pair
00000000-0000-4000-8000-000000001046,True,,test,hard_tier: unmatched_bank_credit_ambiguous_pair
00000000-0000-4000-8000-000000001047,True,,dev,hard_tier: unmatched_bank_credit_ambiguous_pair
00000000-0000-4000-8000-000000001048,True,,dev,hard_tier: unmatched_bank_credit_ambiguous_pair
00000000-0000-4000-8000-000000001049,True,,dev,hard_tier: unmatched_bank_credit_ambiguous_pair
00000000-0000-4000-8000-000000001050,True,AMOUNT_MISMATCH,dev,hard_tier: amount_mismatch_above_tolerance
00000000-0000-4000-8000-000000001051,True,AMOUNT_MISMATCH,test,hard_tier: amount_mismatch_above_tolerance
00000000-0000-4000-8000-000000001052,True,AMOUNT_MISMATCH,dev,hard_tier: amount_mismatch_above_tolerance
00000000-0000-4000-8000-000000001053,True,AMOUNT_MISMATCH,dev,hard_tier: amount_mismatch_above_tolerance
00000000-0000-4000-8000-000000001054,True,AMOUNT_MISMATCH,test,hard_tier: amount_mismatch_above_tolerance
00000000-0000-4000-8000-000000001055,True,AMOUNT_MISMATCH,dev,hard_tier: amount_mismatch_above_tolerance
00000000-0000-4000-8000-000000001056,True,AMOUNT_MISMATCH,dev,hard_tier: amount_mismatch_above_tolerance
00000000-0000-4000-8000-000000001057,True,AMOUNT_MISMATCH,dev,hard_tier: amount_mismatch_above_tolerance
00000000-0000-4000-8000-000000001058,True,AMOUNT_MISMATCH,dev,hard_tier: amount_mismatch_below_tolerance_immaterial
00000000-0000-4000-8000-000000001059,True,AMOUNT_MISMATCH,test,hard_tier: amount_mismatch_below_tolerance_immaterial
00000000-0000-4000-8000-000000001060,True,AMOUNT_MISMATCH,dev,hard_tier: amount_mismatch_below_tolerance_immaterial
00000000-0000-4000-8000-000000001061,True,AMOUNT_MISMATCH,dev,hard_tier: amount_mismatch_below_tolerance_immaterial
00000000-0000-4000-8000-000000001062,True,AMOUNT_MISMATCH,dev,hard_tier: amount_mismatch_below_tolerance_immaterial
00000000-0000-4000-8000-000000001063,True,AMOUNT_MISMATCH,dev,hard_tier: amount_mismatch_below_tolerance_immaterial
00000000-0000-4000-8000-000000001064,True,AMOUNT_MISMATCH,dev,hard_tier: amount_mismatch_below_tolerance_immaterial
00000000-0000-4000-8000-000000001065,True,TIMING,dev,hard_tier: timing_above_tolerance
00000000-0000-4000-8000-000000001066,True,TIMING,dev,hard_tier: timing_above_tolerance
00000000-0000-4000-8000-000000001067,True,TIMING,dev,hard_tier: timing_above_tolerance
00000000-0000-4000-8000-000000001068,True,TIMING,dev,hard_tier: timing_above_tolerance
00000000-0000-4000-8000-000000001069,True,TIMING,dev,hard_tier: timing_above_tolerance
00000000-0000-4000-8000-000000001070,True,TIMING,test,hard_tier: timing_above_tolerance
00000000-0000-4000-8000-000000001071,True,TIMING,test,hard_tier: timing_above_tolerance
00000000-0000-4000-8000-000000001072,True,TIMING,dev,hard_tier: timing_above_tolerance
00000000-0000-4000-8000-000000001073,True,TIMING,dev,hard_tier: timing_below_tolerance_immaterial
00000000-0000-4000-8000-000000001074,True,TIMING,dev,hard_tier: timing_below_tolerance_immaterial
00000000-0000-4000-8000-000000001075,True,TIMING,dev,hard_tier: timing_below_tolerance_immaterial
00000000-0000-4000-8000-000000001076,True,TIMING,dev,hard_tier: timing_below_tolerance_immaterial
00000000-0000-4000-8000-000000001077,True,TIMING,dev,hard_tier: timing_below_tolerance_immaterial
00000000-0000-4000-8000-000000001078,True,TIMING,dev,hard_tier: timing_below_tolerance_immaterial
00000000-0000-4000-8000-000000001079,True,TIMING,test,hard_tier: timing_below_tolerance_immaterial
